,(0)linux time (ms),    (1)uptime  (ms),      (2)drive mode,(3)mpc step counter,(4)mpc origin latitude  (deg),(5)mpc origin longitude  (deg),(6)closest trajectory point index to robot,(7)mpc error x (W;E)  (m),(8)mpc error y (W;E)  (m),(9)abs mpc error (m),(10)input [x] for mhe (m),(11)input [y] for mhe (m),(12)input [speed] for mhe (m/s),(13)input [vyaw] for mhe (rad/s),(14)mhe output x  (m),(15)mhe output y  (m),(16)mhe output speed  (m/s),(17)mhe output yaw  (rad),(18)mpc reference heading (rad),(19)mpc turn rate command (rad/s),(20)turn rate command as PWM,(21)throttle command as PWM,(22)primary gps latitude (deg),(23)primary gps longitude (deg),(24)secondary gps latitude  (deg),(25)secondary gps longitude (deg),(26)accelerometer x (m/s^2),(27)accelerometer y (m/s^2),(28)accelerometer z (m/s^2),(29)gyro yaw rate (rad/s),(30)gyro pitch rate   (rad/s),(31)gyro roll rate (rad/s),      (32)yaw (rad),  (33)pitch   (rad),     (34)roll (rad),(35)sonar1 measurement (m),(36)ultrasonic sensor measurement (m),(37)primary gps time (s),(38)normalized turn rate command,(39)normalized throttle command,(40)speed calculation from encoder left (m/s),(41)speed calculation from encoder right (m/s),(42)front gimbal target angle (degrees from straight down),(43)left gimbal target angle  (degrees from straight down),(44)right gimbal target angle  (degrees from straight down),(45)front gimbal measured angle  (degrees from straight down),(46)left gimbal measured angle    (degrees from straight down),(47)right gimbal measured angle  (degrees from straight down),(48)internal temperature (C),(49)battery voltage (V),(50)primary gps type,(51)secondary gps type,    (52)MPC R value, (53)MPC Q[0] value,Unnamed: 54,weed_num,start
0,1530635730106,419106, RC,0,39.9586186,-88.445067899,0,0.0,0.0,0.0,0.0,0.0,0.0,0.0,0.0,0.0,0.0,0.0,0.0,0.0,1500,1500,0.0,0.0,40.0483741667,-88.2330826667,0.0,0.0,0.0,0.0,0.0,0.0,0.0,0.0,0.0,0.0,0.0,0,0.0,0.0,0.0,0.0,90.0,60.0,60.0,90.4636688232,120.32112884520001,120.51211547850001,49.75,15.947217941300002,3.0199999808999998,0,2,25,1,97,3460
1,1530635730156,419156, RC,0,39.9586186,-88.445067899,0,0.0,0.0,0.0,0.0,0.0,0.0,0.0,0.0,0.0,0.0,0.0,0.0,0.0,1500,1500,0.0,0.0,40.0483741667,-88.2330826667,0.0,0.0,0.0,0.0,0.0,0.0,0.0,0.0,0.0,0.0,0.0,0,0.0,0.0,0.0,0.0,90.0,60.0,60.0,90.4636688232,120.32112884520001,120.51211547850001,49.75,15.947217941300002,3.0199999808999998,0,2,25,1,90,3461
2,1530635730207,419207, RC,0,39.9586186,-88.445067899,0,0.0,0.0,0.0,0.0,0.0,0.0,0.0,0.0,0.0,0.0,0.0,0.0,0.0,1500,1500,0.0,0.0,40.0483741667,-88.2330826667,0.0,0.0,0.0,0.0,0.0,0.0,0.0,0.0,0.0,0.0,0.0,0,0.0,0.0,0.0,0.0,90.0,60.0,60.0,90.4636688232,120.2574768066,120.51211547850001,49.75,15.947217941300002,3.0199999808999998,0,2,25,1,77,3462
3,1530635730257,419257, RC,0,39.9586186,-88.445067899,0,0.0,0.0,0.0,0.0,0.0,0.0,0.0,0.0,0.0,0.0,0.0,0.0,0.0,1500,1500,0.0,0.0,40.0483741667,-88.2330826667,0.0,0.0,0.0,0.0,0.0,0.0,0.0,0.0,0.0,0.0,0.0,0,0.0,0.0,0.0,0.0,90.0,60.0,60.0,90.4636688232,120.2574768066,120.51211547850001,49.75,15.947217941300002,3.0199999808999998,0,2,25,1,93,3464
4,1530635730308,419308, RC,0,39.9586186,-88.445067899,0,0.0,0.0,0.0,0.0,0.0,0.0,0.0,0.0,0.0,0.0,0.0,0.0,0.0,1500,1500,0.0,0.0,40.0483741667,-88.2330826667,0.0,0.0,0.0,0.0,0.0,0.0,0.0,0.0,0.0,0.0,0.0,0,0.0,0.0,0.0,0.0,90.0,60.0,60.0,90.4636688232,120.32112884520001,120.51211547850001,49.75,15.947217941300002,3.0199999808999998,0,2,25,1,91,3465
